{"cameraMode":{"drawMode":0,"name":"Shaded","section":"Shading Mode"},"sceneLighting":false,"audioPlay":false,"sceneViewState":{"m_AlwaysRefresh":false,"showFog":true,"showSkybox":false,"showFlares":true,"showImageEffects":true,"showParticleSystems":true,"showVisualEffectGraphs":true,"m_FxEnabled":true},"in2DMode":false,"pivot":{"x":1.0253252983093262,"y":0.8406622409820557,"z":38.459503173828128},"rotation":{"x":0.052480194717645648,"y":0.23300328850746156,"z":-0.012621135450899601,"w":0.9710239768028259},"size":9.602492332458496,"orthographic":false}