{"cameraMode":{"drawMode":0,"name":"Shaded","section":"Shading Mode"},"sceneLighting":false,"audioPlay":false,"sceneViewState":{"m_AlwaysRefresh":false,"showFog":true,"showSkybox":false,"showFlares":true,"showImageEffects":true,"showParticleSystems":true,"showVisualEffectGraphs":true,"m_FxEnabled":true},"in2DMode":false,"pivot":{"x":-2.418137311935425,"y":3.4545929431915285,"z":64.83902740478516},"rotation":{"x":0.09624163806438446,"y":0.14845256507396699,"z":-0.014664988964796067,"w":0.9841850996017456},"size":5.368117332458496,"orthographic":false}