{"cameraMode":{"drawMode":0,"name":"Shaded","section":"Shading Mode"},"sceneLighting":false,"audioPlay":false,"sceneViewState":{"m_AlwaysRefresh":false,"showFog":true,"showSkybox":false,"showFlares":true,"showImageEffects":true,"showParticleSystems":true,"showVisualEffectGraphs":true,"m_FxEnabled":true},"in2DMode":false,"pivot":{"x":11.145943641662598,"y":0.8454258441925049,"z":80.2022476196289},"rotation":{"x":0.06947550177574158,"y":0.25711971521377566,"z":-0.018680201843380929,"w":0.963767945766449},"size":15.720638275146485,"orthographic":false}