{"cameraMode":{"drawMode":0,"name":"Shaded","section":"Shading Mode"},"sceneLighting":false,"audioPlay":false,"sceneViewState":{"m_AlwaysRefresh":false,"showFog":true,"showSkybox":false,"showFlares":true,"showImageEffects":true,"showParticleSystems":true,"showVisualEffectGraphs":true,"m_FxEnabled":true},"in2DMode":false,"pivot":{"x":-0.011483192443847657,"y":-1.7332615852355958,"z":26.875144958496095},"rotation":{"x":-0.25533217191696169,"y":-0.6062175631523132,"z":0.21437713503837586,"w":-0.7220597863197327},"size":16.50116539001465,"orthographic":false}