{"cameraMode":{"drawMode":0,"name":"Shaded","section":"Shading Mode"},"sceneLighting":false,"audioPlay":false,"sceneViewState":{"m_AlwaysRefresh":false,"showFog":true,"showSkybox":false,"showFlares":true,"showImageEffects":true,"showParticleSystems":true,"showVisualEffectGraphs":true,"m_FxEnabled":true},"in2DMode":false,"pivot":{"x":-16.012840270996095,"y":0.2510419487953186,"z":0.16507217288017274},"rotation":{"x":-0.0010590780293568969,"y":-0.7081661820411682,"z":-0.0010622558183968068,"w":0.7060450315475464},"size":9.339415550231934,"orthographic":true}